date,subreddit,ref,status,notes
2026-10-07,r/Sacramento,r-sacramento,live,posted Oct 6-7; exact time not recorded
2026-10-07,r/UCDavis,r-ucdavis,live,posted Oct 6-7; exact time not recorded
2026-10-07,r/folsom,r-folsom,removed,removed by moderators or filter
2026-10-07,r/CSUS,r-sacstate,removed,Sac State subreddit; removed by moderators or filter
2026-10-07,Los Rios subreddit,r-flc,removed,removed by moderators or filter
2026-10-08,r/berkeley,r-berkeley,removed,
2026-10-08,r/UCSD,r-ucsd,planned,
2026-10-08,r/ucla,r-ucla,pending,filtered for moderator review at submission
2026-10-08,r/UCSantaBarbara,r-ucsb,pending,filtered for moderator review at submission
