ref,tier,channel
r-folsom,local,reddit
r-sacramento,local,reddit
r-sacstate,local,reddit
r-ucdavis,local,reddit
r-flc,local,reddit
r-csus,local,reddit
r-davis,local,reddit
r-roseville,local,reddit
r-elkgrove,local,reddit
r-stockton,local,reddit
r-california,statewide,reddit
r-calfresh,statewide,reddit
r-berkeley,statewide,reddit
r-ucsd,statewide,reddit
r-uci,statewide,reddit
r-ucla,statewide,reddit
r-ucsb,statewide,reddit
r-ucr,statewide,reddit
r-ucsc,statewide,reddit
r-sjsu,statewide,reddit
r-sdsu,statewide,reddit
r-csulb,statewide,reddit
r-calpoly,statewide,reddit
r-povertyfinance,national,reddit
discord,other,discord
facebook,other,facebook
linkedin,other,linkedin
flyer,other,flyer
direct,other,direct
